id,message,location,created_at
1,Wow that's cool,0101000020E6100000F3CAF5B619A652409558631A970F2A40,2022-04-11 21:03:28
2,Wow that's cool,0101000020E6100000F3CAF5B619E652409558631A970F2A40,2022-04-11 21:03:28
3,Best is better than good,0101000020E6100000F3CAF5B619E652409558631A970F2C40,2022-04-11 21:03:28
4,Best is better than good,0101000020E6100000F3CAF5B619E65240485FF70C970F2C40,2022-04-11 21:03:28
5,Best is better than good,0101000020E6100000C94B48B519E65240485FF70C970F2C40,2022-04-11 21:03:28
6,Best is better than good,0101000020E6100000E18D16B119E65240485FF70C970F2C40,2022-04-11 21:03:28
7,Best is better than good,0101000020E6100000E18D16B119E65240E856BE1D970F2C40,2022-04-11 21:03:28
8,Best is better than good,0101000020E6100000D56C2FB319E65240E856BE1D970F2C40,2022-04-11 21:03:28
9,Best is better than good,0101000020E6100000E18D16B119E65240E856BE1D970F2C40,2022-04-11 21:03:28
10,Best is better than good,0101000020E6100000E18D16B119E65240A1624106970F2C40,2022-04-11 21:03:28
11,Best is better than good,0101000020E6100000E18D16B119E65240A1624106970F2C40,2022-04-11 22:21:28
